[{
    "title": "电影",
    "type": 1,
    "isSet":false,
    "subclasses": [[
            "最新上线",
            "动作",
            "冒险",
            "喜剧",
            "爱情",
            "战争",
            "恐怖",
            "犯罪",
            "悬疑",
            "惊悚",
            "武侠",
            "科幻",
            "记录片",
            "历史",
            "动画",
            "奇幻",
            "剧情",
            "警匪",
            "传记",
            "戏曲",
            "歌舞"
        ]
    ]
},{
    "title": "电视剧",
    "type": 2,
    "isSet":true,
    "subclasses": [[
            "古装",
            "武侠",
            "警匪",
            "军事",
            "科幻",
            "悬疑",
            "历史",
            "儿童",
            "农村",
            "都市",
            "家庭",
            "搞笑",
            "偶像",
            "言情",
            "时装",
            "特色YK",
            "神话"
        ]
    ]
}]
